Age at enrollment,Admission grade,Curricular units 1st sem (enrolled),Curricular units 1st sem (approved),Curricular units 1st sem (grade),Curricular units 2nd sem (enrolled),Curricular units 2nd sem (approved),Curricular units 2nd sem (grade),Curricular units 1st sem (evaluations),Curricular units 2nd sem (evaluations),Previous qualification (grade),Scholarship holder,Debtor,Tuition fees up to date,Gender,Target,anomaly_score
25,120.0,21,21,12.363636363636363,16,12,12.25,26,21,120.0,0,1,0,1,Dropout,-0.16086056327123222
28,126.8,23,20,13.5,23,20,13.5,23,23,130.0,1,0,1,1,Graduate,-0.15037354423886506
18,155.1,0,0,0.0,0,0,0.0,0,0,168.0,1,1,0,1,Graduate,-0.14788871138210513
41,125.2,21,21,12.333333333333334,19,19,12.105263157894736,23,19,140.0,0,1,1,0,Graduate,-0.14784531443351234
22,131.0,23,20,14.575,23,20,14.575,23,23,148.0,1,0,1,0,Graduate,-0.1441284607265203
21,145.0,21,18,14.933333333333334,21,18,14.933333333333334,33,33,141.0,0,0,1,0,Graduate,-0.14010518061770816
23,133.4,26,26,15.07777777777778,17,17,15.023529411764704,27,17,168.0,0,0,1,0,Graduate,-0.1349079067475587
23,129.0,0,0,0.0,0,0,0.0,0,0,115.0,1,1,0,0,Dropout,-0.13382874880357098
33,100.0,0,0,0.0,0,0,0.0,0,0,133.1,1,1,1,1,Dropout,-0.12824193769609848
18,139.6,0,0,0.0,0,0,0.0,0,0,127.0,1,1,0,1,Dropout,-0.12498400803758025
32,130.0,17,11,12.727272727272728,12,10,12.7,31,24,130.0,0,0,0,1,Dropout,-0.12372977345140479
21,160.0,0,0,0.0,0,0,0.0,0,0,160.0,1,1,1,1,Dropout,-0.1230052749240178
28,117.2,18,18,12.5,13,12,11.428571428571429,45,26,110.0,0,0,1,1,Graduate,-0.12252466343250912
38,140.0,18,18,14.5,18,18,14.5,18,18,140.0,0,0,1,1,Graduate,-0.12240517092974856
33,110.0,14,14,13.072857142857144,14,14,13.072857142857144,20,20,150.0,1,0,1,1,Graduate,-0.12174206053001146
20,140.7,18,18,15.052631578947368,13,13,14.538461538461538,19,13,147.0,1,1,1,0,Graduate,-0.120784613197788
19,127.3,0,0,0.0,0,0,0.0,0,0,129.0,1,1,0,1,Dropout,-0.12056501953531162
20,117.7,0,0,0.0,0,0,0.0,0,0,110.0,1,1,1,1,Graduate,-0.11891568694847565
23,126.5,15,12,11.0,14,11,11.363636363636363,24,21,130.0,0,0,0,1,Dropout,-0.11881045273908475
37,124.6,21,21,12.476190476190476,19,19,12.210526315789474,21,19,130.0,0,0,1,1,Graduate,-0.11819261301708128
27,152.7,0,0,0.0,0,0,0.0,0,0,180.0,0,1,0,1,Dropout,-0.11757402201094003
25,134.3,17,17,11.61111111111111,17,17,12.055555555555555,19,22,115.0,0,0,1,1,Graduate,-0.11718717389154465
22,149.0,17,17,12.578947368421051,17,17,12.117647058823527,21,20,135.0,0,0,1,1,Graduate,-0.11593441255701897
21,153.0,17,17,13.38888888888889,17,17,14.88888888888889,18,18,146.0,1,0,1,0,Graduate,-0.11545128145875627
23,127.2,17,13,12.153846153846152,17,11,11.909090909090908,19,28,131.0,0,1,1,1,Enrolled,-0.1141981183047831
57,120.0,15,12,11.75,14,9,12.22222222222222,17,16,120.0,0,0,0,1,Dropout,-0.1139115484252361
19,176.7,0,0,0.0,0,0,0.0,0,0,170.0,1,0,1,0,Dropout,-0.11349877250061613
26,150.0,18,18,11.833333333333334,13,13,12.461538461538462,45,27,150.0,0,0,1,0,Graduate,-0.11282611182219571
18,176.0,0,0,0.0,0,0,0.0,0,0,169.0,1,0,1,0,Graduate,-0.11260325861678933
35,128.3,21,21,12.61904761904762,19,19,12.789473684210526,21,19,140.0,0,0,1,0,Graduate,-0.11188452427901863
18,162.2,0,0,0.0,0,0,0.0,0,0,159.0,0,1,0,0,Dropout,-0.11147083593253748
28,134.3,17,17,13.394736842105264,17,17,13.554736842105264,21,19,100.0,0,0,1,0,Graduate,-0.11127557924901033
32,120.4,15,14,10.214285714285714,13,13,11.384615384615383,17,13,140.0,0,1,0,0,Graduate,-0.11122164235424459
30,110.0,14,12,12.52608695652174,14,12,12.52608695652174,26,26,100.0,0,0,1,1,Graduate,-0.11118066695618889
37,180.0,14,14,16.5,11,11,16.90909090909091,14,11,180.0,0,0,1,0,Graduate,-0.1080464030634336
18,126.8,0,0,0.0,0,0,0.0,0,0,140.0,1,0,0,0,Dropout,-0.10531448562344925
47,170.0,1,0,0.0,6,0,0.0,1,0,170.0,0,1,1,0,Enrolled,-0.10528492804707534
60,140.0,18,18,14.11111111111111,13,13,14.23076923076923,18,13,150.0,0,0,1,1,Graduate,-0.10422250185753135
18,167.1,0,0,0.0,0,0,0.0,0,0,172.0,1,0,1,1,Graduate,-0.1035566751054029
28,150.0,11,11,15.090909090909092,10,10,15.0,14,11,130.0,0,1,0,1,Dropout,-0.10304524193329867
37,99.5,7,1,16.0,7,0,0.0,13,12,133.1,1,1,0,0,Dropout,-0.10233841788635156
43,160.0,18,18,14.63157894736842,13,13,14.23076923076923,19,14,133.1,0,0,1,0,Graduate,-0.10061268558916958
53,130.0,18,17,13.176470588235292,18,16,13.0,18,18,130.0,0,0,1,0,Dropout,-0.1005643460431127
22,135.5,17,12,11.833333333333334,17,11,11.25,19,22,146.0,0,1,1,0,Enrolled,-0.09961830143012251
24,134.1,17,13,11.642857142857142,17,12,11.25,19,25,125.0,0,0,1,1,Dropout,-0.09807293250652827
18,160.6,0,0,0.0,0,0,0.0,0,0,170.0,1,0,1,1,Graduate,-0.09680124486533492
42,122.8,13,13,11.923076923076923,12,12,12.5,13,12,120.0,0,1,0,0,Dropout,-0.09628662391182441
21,151.9,17,17,12.0,17,17,12.666666666666666,20,18,147.0,0,0,1,0,Graduate,-0.09568194293758692
35,100.0,7,3,11.25,7,0,0.0,18,7,100.0,0,1,0,1,Dropout,-0.09557810041612458
44,120.0,7,4,12.0,6,0,0.0,14,16,100.0,0,1,0,1,Dropout,-0.09475421399097361
35,120.5,17,14,10.642857142857142,12,12,10.666666666666666,17,12,120.0,0,1,1,1,Dropout,-0.09452334763525372
50,163.5,6,1,15.0,5,0,0.0,7,12,100.0,0,1,0,1,Dropout,-0.09448538253168082
54,169.2,7,0,0.0,5,0,0.0,7,10,133.1,0,1,0,0,Dropout,-0.09413821755644969
22,109.1,6,0,0.0,6,0,0.0,0,0,115.0,1,1,0,0,Dropout,-0.09405459363075075
23,131.4,18,18,11.894736842105264,13,13,12.923076923076923,19,13,120.0,1,0,1,1,Graduate,-0.09396528708984897
22,128.2,17,17,10.36842105263158,17,17,11.5,22,18,116.0,0,0,1,0,Graduate,-0.09117630439747615
51,160.0,4,0,0.0,4,0,0.0,4,4,160.0,0,1,0,1,Dropout,-0.09099932830664481
22,119.9,11,9,10.88888888888889,10,4,11.25,16,20,101.0,0,1,0,0,Graduate,-0.09030804017218219
35,150.0,18,18,11.666666666666666,13,12,11.5,22,13,150.0,0,0,1,1,Graduate,-0.09027247722650533
46,104.8,19,19,12.210526315789474,13,13,11.384615384615383,24,13,140.0,0,0,1,0,Graduate,-0.08966342852931375
52,110.0,15,14,10.466666666666669,12,12,10.923076923076923,26,16,110.0,0,0,1,0,Graduate,-0.089103239670564
35,100.0,18,18,11.555555555555555,13,13,11.615384615384617,20,13,133.1,0,0,1,1,Graduate,-0.08889413298200022
32,110.0,18,13,13.714285714285714,12,12,12.083333333333334,27,18,130.0,0,0,1,1,Graduate,-0.08760383738274213
54,100.0,15,13,12.461538461538462,13,10,11.1,20,13,100.0,0,0,1,0,Dropout,-0.08724305639703656
18,164.3,0,0,0.0,0,0,0.0,0,0,158.0,1,0,1,1,Enrolled,-0.0870806698524541
24,180.4,12,6,12.166666666666666,12,10,13.3,17,14,160.0,0,1,1,1,Dropout,-0.08663961290246991
28,133.7,18,14,12.785714285714286,17,16,13.875,23,18,133.1,0,0,1,0,Dropout,-0.08562624785229278
46,130.0,6,0,0.0,6,0,0.0,6,6,110.0,1,1,0,1,Dropout,-0.08533899108867993
24,151.7,0,0,0.0,0,0,0.0,0,0,152.0,1,0,1,0,Graduate,-0.08432332703985279
18,152.9,0,0,0.0,0,0,0.0,0,0,162.0,1,0,1,0,Graduate,-0.084259769059986
19,161.9,0,0,0.0,0,0,0.0,0,0,151.0,1,0,1,0,Graduate,-0.08396179950835181
49,162.4,12,5,11.6,7,5,11.2,16,7,111.0,0,1,0,1,Dropout,-0.08368022640436301
32,120.0,18,18,13.736842105263158,13,12,13.75,25,15,130.0,0,0,1,1,Graduate,-0.08367566476644916
27,120.0,18,18,11.421052631578949,13,13,11.076923076923077,21,16,120.0,0,0,1,1,Graduate,-0.0829433499052118
21,104.1,6,2,13.0,6,0,0.0,16,8,109.0,1,1,0,0,Dropout,-0.08260834039897014
18,100.0,0,0,0.0,0,0,0.0,0,0,145.0,1,0,1,0,Dropout,-0.08255721110638903
18,137.9,0,0,0.0,0,0,0.0,0,0,140.0,0,1,0,0,Dropout,-0.08250123729722858
18,149.7,0,0,0.0,0,0,0.0,0,0,163.0,1,0,1,0,Dropout,-0.0823961618897956
19,160.4,0,0,0.0,0,0,0.0,0,0,152.0,0,0,0,0,Dropout,-0.0820206536791025
29,144.0,18,18,15.444444444444445,13,13,15.307692307692308,20,13,130.0,0,0,1,0,Graduate,-0.08186344811072999
35,100.0,16,16,12.6875,13,13,12.0,16,13,133.1,1,0,1,0,Graduate,-0.08106286117403205
22,130.0,12,11,12.545454545454543,11,11,12.666666666666666,15,16,130.0,1,0,0,1,Graduate,-0.08079786378471143
19,163.1,12,12,15.25,11,11,15.0,12,12,161.0,0,0,0,0,Graduate,-0.08055242629106685
22,150.0,18,12,12.857142857142858,12,10,14.3,32,15,150.0,0,0,1,1,Graduate,-0.08045756907729718
47,151.0,7,0,0.0,8,0,0.0,7,8,110.0,0,1,0,1,Dropout,-0.08037708012646827
20,166.6,5,5,14.4,5,5,14.0,8,6,170.0,1,1,0,0,Dropout,-0.08034887532095758
59,140.0,15,12,13.333333333333334,8,8,12.875,22,8,130.0,0,0,0,0,Dropout,-0.07992277482159982
18,106.1,6,1,11.0,6,0,0.0,6,0,110.0,1,1,0,0,Dropout,-0.07989263770246435
18,118.1,0,0,0.0,0,0,0.0,0,0,130.0,0,1,0,1,Enrolled,-0.07909658797307362
21,108.7,0,0,0.0,0,0,0.0,0,0,115.0,0,0,0,0,Dropout,-0.07832476868755356
21,146.5,14,12,13.417391304347827,14,12,13.417391304347827,26,26,139.0,0,0,1,0,Graduate,-0.07808102297475983
39,120.1,15,12,11.916666666666666,13,8,11.25,15,14,150.0,0,0,0,0,Dropout,-0.07768468307958276
26,118.6,21,20,13.181818181818182,14,14,11.642857142857142,23,18,121.0,0,0,1,0,Graduate,-0.07759430144841217
19,138.0,0,0,0.0,0,0,0.0,0,0,132.0,0,1,0,1,Dropout,-0.07752175274382345
20,143.3,0,0,0.0,0,0,0.0,0,0,120.0,1,0,1,0,Graduate,-0.07647714180639553
45,160.0,5,0,0.0,5,0,0.0,5,5,100.0,0,1,0,1,Dropout,-0.07604988513373534
53,170.0,6,3,14.333333333333334,6,0,0.0,11,6,140.0,0,1,0,1,Dropout,-0.0757931615604287
19,137.5,0,0,0.0,0,0,0.0,0,0,135.0,0,1,0,1,Graduate,-0.07567862919853019
30,120.0,12,8,11.75,12,6,12.166666666666666,17,19,130.0,0,1,0,0,Dropout,-0.07560364635424477
23,116.8,17,17,11.5,17,17,12.176470588235292,18,17,121.0,0,0,1,0,Graduate,-0.07556014955754475
25,110.0,0,0,0.0,0,0,0.0,0,0,133.1,1,0,1,1,Dropout,-0.07487221851150694
32,133.3,0,0,0.0,0,0,0.0,0,0,147.0,0,0,0,0,Dropout,-0.07479237102122205
20,129.2,0,0,0.0,0,0,0.0,0,0,133.0,0,1,0,1,Dropout,-0.07471398431582033
20,108.3,7,0,0.0,7,0,0.0,14,15,103.0,1,0,1,0,Enrolled,-0.074242763191539
20,158.1,0,0,0.0,0,0,0.0,0,0,149.0,1,0,1,1,Graduate,-0.07417368203638586
23,129.1,0,0,0.0,0,0,0.0,0,0,114.0,1,0,1,1,Graduate,-0.0741317125387495
21,115.0,12,12,14.538461538461538,12,12,14.461538461538462,13,14,133.1,0,1,1,1,Graduate,-0.07409306094548662
27,179.6,6,0,0.0,6,0,0.0,6,7,180.0,0,1,0,0,Dropout,-0.07325730716633772
25,105.2,17,13,11.538461538461538,15,10,12.4,18,15,108.0,0,0,1,1,Dropout,-0.07325593776462258
18,178.3,0,0,0.0,0,0,0.0,0,0,188.0,0,0,1,0,Dropout,-0.07306656835167014
23,144.9,11,11,13.166666666666666,9,8,13.333333333333334,18,15,140.0,0,1,0,0,Enrolled,-0.07285201569053934
21,120.3,0,0,0.0,0,0,0.0,0,0,122.0,1,0,1,0,Graduate,-0.0724558435124083
24,140.5,5,0,0.0,5,0,0.0,0,0,180.0,0,1,0,0,Dropout,-0.07208059816791923
34,153.9,6,0,0.0,6,0,0.0,7,0,168.0,0,1,0,1,Dropout,-0.07187643494000184
36,110.0,16,13,10.692307692307692,13,9,12.307692307692308,24,19,110.0,0,0,1,0,Enrolled,-0.07078485388097666
41,136.0,19,19,12.68421052631579,13,13,12.384615384615383,19,13,133.1,0,0,1,1,Graduate,-0.070738522286387
20,148.4,14,12,10.923076923076923,13,11,12.181818181818182,15,14,147.0,1,0,1,1,Graduate,-0.07048278610849734
27,100.0,18,18,12.22222222222222,12,12,12.384615384615383,19,15,125.0,0,0,1,1,Graduate,-0.07003429121623772
19,149.9,0,0,0.0,0,0,0.0,0,0,145.0,0,0,0,0,Graduate,-0.06963922578376602
19,106.7,6,2,10.0,6,0,0.0,14,6,113.0,1,1,1,1,Dropout,-0.06893365595362311
30,160.0,9,6,11.833333333333334,8,4,11.0,18,21,160.0,0,0,0,1,Dropout,-0.06886336597022014
28,100.0,10,8,11.88888888888889,8,5,11.6,19,17,130.0,0,1,0,1,Dropout,-0.06827962953659017
19,156.3,0,0,0.0,0,0,0.0,0,0,143.0,1,0,1,1,Graduate,-0.0681099076816184
28,130.0,18,17,13.058823529411764,12,12,12.307692307692308,36,15,130.0,0,0,1,1,Graduate,-0.067924079596407
44,100.0,13,13,11.846153846153848,11,11,12.0,18,11,161.0,0,0,1,1,Graduate,-0.06789410005958563
20,140.0,17,14,12.5625,12,12,12.857142857142858,29,24,140.0,0,0,1,0,Graduate,-0.06745227263565834
18,111.9,0,0,0.0,0,0,0.0,0,0,114.0,0,0,0,1,Dropout,-0.06702230776750051
24,106.0,7,5,12.36,8,5,12.0,14,15,140.0,1,1,0,0,Dropout,-0.06698783303298805
23,130.0,17,17,13.15,12,12,13.214285714285714,28,22,130.0,0,0,1,0,Graduate,-0.06695190672302354
32,120.0,15,13,12.692307692307692,15,13,12.384615384615383,21,22,120.0,0,0,1,0,Graduate,-0.06694109551863259
20,117.3,0,0,0.0,0,0,0.0,0,0,116.0,0,1,1,0,Dropout,-0.06669341672083529
25,135.8,15,15,10.8,14,14,11.357142857142858,16,14,140.0,0,0,1,1,Graduate,-0.06602756799221732
26,170.0,8,8,15.125,6,6,13.666666666666666,14,12,170.0,0,0,0,1,Enrolled,-0.06568096438080606
29,131.9,16,16,12.588235294117649,13,13,13.357142857142858,17,14,142.0,1,0,1,0,Graduate,-0.06462447447807929
18,146.3,0,0,0.0,0,0,0.0,0,0,140.0,1,0,1,0,Dropout,-0.06442727383109659
21,117.3,0,0,0.0,0,0,0.0,0,0,125.0,1,0,1,1,Graduate,-0.0643491287229827
37,154.0,16,16,14.125,11,10,13.0,17,14,150.0,0,0,1,1,Graduate,-0.06387420362034668
26,100.0,6,0,0.0,6,0,0.0,7,6,133.1,1,1,0,0,Dropout,-0.06360804051692481
26,150.0,3,0,0.0,6,0,0.0,3,0,150.0,0,1,0,0,Dropout,-0.0635324918425979
21,150.4,0,0,0.0,0,0,0.0,0,0,136.0,1,0,1,1,Graduate,-0.06349088155905847
20,137.6,0,0,0.0,0,0,0.0,0,0,147.0,1,0,1,0,Graduate,-0.06325301007504125
54,120.0,13,13,14.307692307692308,12,12,15.23076923076923,13,15,120.0,0,0,1,0,Graduate,-0.06323651914172468
53,118.0,15,15,11.8,13,12,11.666666666666666,15,13,160.0,0,0,1,0,Enrolled,-0.0631732080064602
18,142.0,0,0,0.0,0,0,0.0,0,0,142.0,1,0,1,0,Graduate,-0.06277928436059088
18,141.4,0,0,0.0,0,0,0.0,0,0,141.0,1,0,1,0,Graduate,-0.06257920206064183
18,126.8,7,0,0.0,8,0,0.0,0,0,144.0,0,1,0,0,Dropout,-0.06215432977812119
45,118.0,6,6,13.5,6,0,0.0,6,6,140.0,1,1,1,1,Dropout,-0.06208881700019697
18,126.0,0,0,0.0,0,0,0.0,0,0,134.0,1,0,1,0,Graduate,-0.06153282956060646
28,154.0,14,12,12.333333333333334,12,8,12.0,22,20,154.0,0,0,1,0,Graduate,-0.061249541572127475
30,180.0,5,4,14.5,5,3,16.2,6,10,180.0,0,1,1,1,Enrolled,-0.060927494156537865
50,95.0,6,0,0.0,5,0,0.0,11,6,133.1,0,1,0,0,Dropout,-0.06082143691039177
24,160.0,6,2,16.0,7,2,16.0,6,7,160.0,0,1,0,1,Dropout,-0.06037300375617538
18,139.4,0,0,0.0,0,0,0.0,0,0,142.0,1,0,1,0,Graduate,-0.060142167582196926
24,130.2,15,15,13.466666666666669,14,14,13.642857142857142,16,14,141.0,0,0,1,1,Graduate,-0.059954656822638785
26,144.1,6,0,0.0,6,0,0.0,8,10,170.0,0,1,0,1,Dropout,-0.05984957760947529
23,125.2,16,16,13.0,13,13,13.266666666666667,18,15,129.0,1,0,1,0,Graduate,-0.05960367171988479
54,100.0,13,13,13.307692307692308,11,11,12.818181818181818,14,12,130.0,0,0,1,1,Enrolled,-0.0595659493605325
38,112.9,15,14,10.928571428571429,14,12,11.833333333333334,16,16,110.0,0,0,1,0,Dropout,-0.05923654071335416
29,130.0,6,1,14.0,6,0,0.0,16,7,133.1,1,1,1,1,Dropout,-0.059033729750449404
18,134.4,0,0,0.0,0,0,0.0,0,0,147.0,1,0,1,1,Graduate,-0.05867809988621209
19,116.4,0,0,0.0,0,0,0.0,0,0,123.0,0,1,1,1,Dropout,-0.05865551979496442
34,116.0,5,1,17.0,5,2,11.0,14,10,120.0,1,1,1,1,Enrolled,-0.058612129690702286
25,130.0,14,8,12.5,13,10,11.6,24,23,130.0,0,0,1,1,Dropout,-0.05854079183443717
20,141.4,0,0,0.0,0,0,0.0,0,0,133.0,1,0,1,1,Enrolled,-0.05849078897657323
31,153.5,5,0,0.0,5,0,0.0,9,6,100.0,0,1,0,1,Dropout,-0.05845035153931255
22,121.5,14,12,12.333333333333334,14,12,12.333333333333334,14,14,120.0,0,1,1,0,Graduate,-0.058430796260265594
38,150.0,5,0,0.0,5,0,0.0,6,5,150.0,0,1,0,0,Dropout,-0.058367232626854504
19,151.4,12,12,13.0,11,11,13.25,12,14,158.0,0,0,0,0,Graduate,-0.05808858283329432
19,124.2,0,0,0.0,0,0,0.0,0,0,127.0,0,0,0,0,Dropout,-0.05804752747019237
18,136.1,0,0,0.0,0,0,0.0,0,0,141.0,1,0,1,0,Enrolled,-0.05795133647860806
18,130.2,0,0,0.0,0,0,0.0,0,0,126.0,1,0,1,1,Dropout,-0.05792650616750572
18,136.8,0,0,0.0,0,0,0.0,0,0,141.0,1,0,1,0,Graduate,-0.057752887164162936
23,130.0,12,11,14.0,10,8,14.625,12,11,130.0,0,1,0,0,Dropout,-0.05772282665354722
24,100.0,8,2,10.25,8,2,10.25,16,16,100.0,0,1,1,1,Dropout,-0.057604959384010224
19,137.8,0,0,0.0,0,0,0.0,0,0,150.0,1,0,1,1,Graduate,-0.0568269532818676
18,129.3,0,0,0.0,0,0,0.0,0,0,144.0,1,0,1,1,Enrolled,-0.05679696892404118
19,134.6,0,0,0.0,0,0,0.0,0,0,137.0,1,0,1,0,Graduate,-0.056794140441124075
28,130.0,15,14,12.428571428571429,14,11,11.909090909090908,25,22,130.0,0,0,1,0,Dropout,-0.05640611616798785
41,160.0,7,5,14.333333333333334,6,6,14.636363636363637,15,16,160.0,0,1,1,1,Enrolled,-0.0561880607977473
41,110.0,12,12,11.833333333333334,12,9,12.7,17,22,100.0,0,0,1,0,Graduate,-0.056124879649643744
19,117.0,0,0,0.0,0,0,0.0,0,0,133.1,0,1,1,1,Enrolled,-0.056121947531395766
20,142.8,12,11,13.384615384615383,9,7,14.285714285714286,15,13,140.0,1,0,0,0,Graduate,-0.05610176726361116
26,135.9,14,14,14.0,13,13,13.615384615384617,14,13,114.0,0,0,1,1,Graduate,-0.05605093094512814
26,128.5,8,4,10.5,10,7,10.428571428571429,13,16,120.0,0,1,0,1,Dropout,-0.0560090327127325
21,138.2,10,8,13.75,9,5,13.2,15,17,140.0,0,1,0,0,Dropout,-0.05539339700998425
18,157.9,0,0,0.0,0,0,0.0,0,0,174.0,0,0,1,0,Graduate,-0.05511806750292225
25,140.0,0,0,0.0,0,0,0.0,0,0,140.0,0,0,0,1,Dropout,-0.05462880250889879
31,131.8,14,13,11.357142857142858,14,13,12.0,19,14,164.0,0,0,1,0,Graduate,-0.054471199459267705
19,143.8,0,0,0.0,0,0,0.0,0,0,135.0,0,1,1,0,Enrolled,-0.05428995196103803
37,102.5,7,0,0.0,7,1,10.0,7,7,130.0,0,1,0,1,Dropout,-0.05330141413871736
18,175.6,0,0,0.0,0,0,0.0,0,0,163.0,0,0,1,0,Graduate,-0.05320566399863458
24,100.0,7,0,0.0,7,0,0.0,21,7,133.1,0,1,1,1,Dropout,-0.053120773975961155
19,124.0,0,0,0.0,0,0,0.0,0,0,138.0,0,0,0,0,Dropout,-0.05302593800722255
37,130.0,16,15,11.733333333333333,11,9,11.88888888888889,23,17,130.0,0,0,1,1,Graduate,-0.0526089113727507
37,116.5,6,0,0.0,5,0,0.0,6,5,100.0,0,1,0,0,Dropout,-0.05221493474890926
24,133.8,12,12,12.846153846153848,11,11,12.636363636363637,13,13,130.0,1,1,1,0,Graduate,-0.052093688975901165
28,107.7,6,0,0.0,5,0,0.0,0,10,110.0,0,1,0,0,Dropout,-0.05199483235020008
18,120.7,0,0,0.0,0,0,0.0,0,0,127.0,0,1,1,1,Dropout,-0.05185497673095352
25,110.4,15,13,10.76923076923077,14,12,11.833333333333334,15,15,130.0,0,0,1,1,Dropout,-0.05181122115890269
20,134.9,0,0,0.0,0,0,0.0,0,0,131.0,0,1,1,0,Dropout,-0.051466382267550737
39,120.4,6,0,0.0,6,0,0.0,0,0,140.0,0,1,0,0,Dropout,-0.05124777136701941
43,140.0,6,2,10.0,6,4,12.25,16,12,110.0,0,1,0,1,Dropout,-0.051017008726370716
25,122.0,10,6,11.428571428571429,7,4,12.0,23,15,130.0,0,1,0,1,Dropout,-0.05095485890658202
42,104.0,11,10,11.9,11,10,12.8,14,14,133.1,0,1,1,0,Enrolled,-0.05075784966106123
19,146.5,12,11,12.0,11,10,11.181818181818182,13,15,137.0,0,1,1,1,Enrolled,-0.05064849047940345
19,126.0,0,0,0.0,0,0,0.0,0,0,133.0,1,0,1,1,Enrolled,-0.05061614277219728
22,122.0,0,0,0.0,0,0,0.0,0,0,129.0,0,0,0,1,Dropout,-0.05055646055419949
34,134.4,16,14,12.071428571428571,13,11,12.272727272727272,20,13,100.0,0,0,1,0,Graduate,-0.05053543878728051
70,116.4,5,0,0.0,5,0,0.0,5,9,133.1,0,1,0,1,Dropout,-0.050530583497211845
20,127.9,5,2,13.0,5,2,11.5,12,13,116.0,1,1,0,0,Dropout,-0.05050771930572773
36,139.0,0,0,0.0,0,0,0.0,0,0,100.0,0,0,1,1,Dropout,-0.05046164071361403
21,126.3,0,0,0.0,0,0,0.0,0,0,127.0,0,1,1,1,Dropout,-0.05004926954205158
20,142.2,12,12,14.583333333333334,11,11,14.333333333333334,12,14,139.0,1,0,1,1,Graduate,-0.05000906430067209
19,128.2,0,0,0.0,0,0,0.0,0,0,139.0,1,0,1,1,Graduate,-0.04981428858408621
19,105.5,6,0,0.0,6,0,0.0,0,0,110.0,0,1,0,0,Dropout,-0.0498003710771141
27,120.0,6,0,0.0,6,0,0.0,0,0,110.0,0,1,0,1,Dropout,-0.04969162528520732
43,95.8,6,0,0.0,6,0,0.0,0,0,111.0,0,0,0,1,Dropout,-0.0496510188177659
43,190.0,4,4,13.875,1,1,12.5,4,1,190.0,0,0,1,1,Dropout,-0.04962829084111231
37,118.1,5,0,0.0,5,0,0.0,0,0,130.0,0,1,0,0,Dropout,-0.049563802482824215
19,129.0,0,0,0.0,0,0,0.0,0,0,136.0,1,0,1,1,Graduate,-0.04953645378942639
48,150.0,5,1,10.0,5,0,0.0,5,5,110.0,0,0,0,0,Dropout,-0.04943103955109107
19,136.9,0,0,0.0,0,0,0.0,0,0,139.0,1,0,1,1,Graduate,-0.0491839306288927
44,172.0,11,9,12.333333333333334,11,9,11.0,21,16,140.0,0,0,1,1,Enrolled,-0.04883609122474519
18,163.6,0,0,0.0,0,0,0.0,0,0,165.0,0,0,1,0,Enrolled,-0.04844626431991306
19,134.3,0,0,0.0,0,0,0.0,0,0,136.0,0,1,1,0,Dropout,-0.0484204814960143
28,118.4,16,13,12.076923076923077,13,11,12.090909090909092,16,13,130.0,0,1,1,0,Graduate,-0.04813954127383879
28,103.8,15,14,11.071428571428571,14,12,11.333333333333334,15,16,130.0,0,0,1,0,Dropout,-0.04811579916579167
36,106.0,0,0,0.0,0,0,0.0,0,0,110.0,0,0,1,1,Graduate,-0.0480538337926133
20,140.0,0,0,0.0,0,0,0.0,0,0,140.0,0,1,1,1,Graduate,-0.04764844111677513
33,130.0,8,1,10.0,8,1,10.0,16,16,100.0,1,0,1,1,Enrolled,-0.04762271227037229
21,125.3,18,18,11.88888888888889,13,13,11.461538461538462,22,13,133.0,0,0,1,0,Graduate,-0.04761997423191888
18,130.0,0,0,0.0,0,0,0.0,0,0,130.0,0,0,0,1,Dropout,-0.04754947748398164
22,99.7,5,0,0.0,5,0,0.0,8,7,99.0,0,1,0,0,Enrolled,-0.04726763556947844
21,130.0,12,10,11.8,12,9,11.444444444444445,20,15,130.0,0,1,1,1,Enrolled,-0.047071611959043747
50,96.0,6,0,0.0,5,0,0.0,6,6,133.1,0,1,0,1,Dropout,-0.04692017307720853
40,121.9,4,0,0.0,5,0,0.0,4,0,100.0,0,0,0,0,Dropout,-0.04667018304553361
30,128.2,5,0,0.0,5,0,0.0,13,5,133.1,1,0,0,1,Dropout,-0.04654562236222992
36,160.0,6,6,12.0,6,3,14.666666666666666,9,8,160.0,0,1,0,0,Dropout,-0.04648745562069112
45,112.0,10,5,12.166666666666666,8,0,0.0,12,8,140.0,0,1,1,0,Dropout,-0.04645966338279395
19,134.7,0,0,0.0,0,0,0.0,0,0,128.0,0,0,0,1,Dropout,-0.04617760838696694
19,107.0,5,0,0.0,5,0,0.0,14,5,108.0,0,1,0,0,Dropout,-0.04614354112963037
20,115.0,6,0,0.0,6,0,0.0,0,0,108.0,0,1,0,0,Dropout,-0.04589010724684928
32,130.0,7,4,13.7,7,0,0.0,12,7,110.0,0,1,0,0,Dropout,-0.04584280137133967
19,155.6,0,0,0.0,0,0,0.0,0,0,172.0,0,0,1,1,Dropout,-0.04570430335300868
42,110.0,12,11,14.454545454545457,11,10,14.2,12,11,110.0,0,0,1,1,Graduate,-0.045545908373119004
29,122.0,15,13,11.76923076923077,14,14,11.928571428571429,19,17,150.0,0,0,1,0,Graduate,-0.04540378653055477
22,125.8,4,0,0.0,4,0,0.0,8,8,133.1,1,0,0,1,Dropout,-0.04539451773286851
46,120.0,5,0,0.0,5,1,10.0,5,5,120.0,0,1,0,1,Dropout,-0.04536737178827577
44,97.4,6,1,14.0,6,0,0.0,9,6,133.1,0,1,0,1,Dropout,-0.04513058287019667
18,118.3,6,5,12.166666666666666,6,3,12.0,11,15,120.0,1,1,0,1,Dropout,-0.04501396792578283
20,128.0,0,0,0.0,0,0,0.0,0,0,129.0,0,0,0,1,Dropout,-0.04483079418262392
32,95.5,6,0,0.0,5,0,0.0,6,10,110.0,0,1,0,0,Dropout,-0.04480862165015653
39,120.4,5,0,0.0,4,0,0.0,5,4,140.0,0,1,0,0,Dropout,-0.044622479209439625
37,100.0,5,0,0.0,5,0,0.0,5,10,100.0,0,0,0,0,Dropout,-0.04444931710099376
32,150.0,6,6,18.875,12,12,17.692307692307693,8,14,110.0,0,0,1,1,Graduate,-0.04436891399224596
45,120.0,6,0,0.0,6,0,0.0,12,12,133.1,0,1,0,1,Dropout,-0.04414152386408399
36,120.0,12,11,11.5,12,12,11.4375,21,22,120.0,0,0,1,0,Enrolled,-0.04391778553083048
35,153.8,7,0,0.0,7,0,0.0,9,8,120.0,0,1,1,1,Dropout,-0.04379197466131979
21,127.1,0,0,0.0,0,0,0.0,0,0,132.0,0,0,0,1,Dropout,-0.04363088816791494
35,154.9,6,5,16.166666666666668,6,4,16.0,8,10,130.0,0,1,0,1,Dropout,-0.04357380492305429
45,151.5,6,0,0.0,5,0,0.0,7,5,133.1,0,1,0,1,Dropout,-0.043476264925889185
34,142.7,5,5,14.714285714285714,5,5,14.375,11,14,133.1,1,1,1,1,Graduate,-0.04338972858044543
44,154.6,6,4,12.75,6,2,10.0,12,15,140.0,1,0,0,0,Enrolled,-0.04329572201419596
30,109.3,16,15,12.266666666666667,13,13,12.071428571428571,19,14,117.0,0,0,1,0,Graduate,-0.04291326119858918
34,140.0,10,5,12.2,9,8,12.22222222222222,25,18,140.0,0,1,1,0,Dropout,-0.042708007121521785
20,122.7,6,0,0.0,6,0,0.0,7,6,130.0,1,1,1,1,Dropout,-0.04235516966894093
39,140.0,7,0,0.0,8,0,0.0,0,0,140.0,0,0,0,0,Dropout,-0.04220257052656318
30,130.0,6,0,0.0,6,0,0.0,6,6,133.1,1,1,1,0,Enrolled,-0.042146535079991776
36,152.4,12,12,13.846153846153848,12,11,14.090909090909092,14,18,130.0,0,0,1,0,Graduate,-0.04194098368994459
28,128.2,5,1,12.0,5,0,0.0,14,5,133.1,1,0,0,0,Dropout,-0.04189582424263549
25,120.0,6,2,14.5,6,0,0.0,17,13,133.1,0,1,0,1,Dropout,-0.04171750664114571
49,162.0,6,6,12.285714285714286,6,6,14.166666666666666,8,7,133.1,1,1,1,1,Graduate,-0.041567915855762916
19,128.0,7,0,0.0,8,0,0.0,14,0,142.0,0,0,0,0,Dropout,-0.04137196936009124
36,97.0,5,0,0.0,5,0,0.0,10,5,133.1,0,1,0,1,Dropout,-0.04108631710352162
37,110.0,8,0,0.0,8,0,0.0,8,8,110.0,0,0,0,0,Dropout,-0.04097728911774845
25,134.5,14,11,11.6875,10,8,11.142857142857142,23,20,145.0,0,0,1,1,Graduate,-0.04087093689228272
19,121.6,5,0,0.0,5,0,0.0,7,5,123.0,1,1,1,0,Dropout,-0.04081964272502803
37,132.5,12,12,12.25,13,13,12.846153846153848,13,13,110.0,0,0,1,1,Graduate,-0.04076179323765872
22,138.8,12,11,14.153846153846152,12,12,15.428571428571429,19,20,127.0,0,0,1,0,Graduate,-0.04076055517538002
20,127.3,6,3,12.333333333333334,6,0,0.0,14,16,114.0,0,1,0,0,Dropout,-0.04043192675595819
22,170.0,0,0,0.0,0,0,0.0,0,0,156.0,0,0,1,1,Graduate,-0.040163487561703515
38,140.0,7,3,12.666666666666666,5,0,0.0,8,5,140.0,0,1,0,1,Dropout,-0.04001975998287666
25,130.0,14,12,13.291666666666666,14,12,13.291666666666666,14,14,100.0,0,0,1,0,Graduate,-0.03977001300398375
21,138.0,13,11,12.727272727272728,11,10,12.6,13,11,140.0,1,1,1,0,Graduate,-0.03952367832119741
18,110.0,6,0,0.0,6,0,0.0,0,0,117.0,0,1,0,0,Dropout,-0.03928652543016009
24,131.8,15,14,11.357142857142858,14,13,12.846153846153848,17,15,133.1,0,0,1,0,Dropout,-0.038997075517146707
45,132.8,5,0,0.0,5,0,0.0,9,11,133.1,0,1,0,1,Dropout,-0.038920082239993214
49,110.0,12,7,12.0,12,9,11.22222222222222,17,19,133.1,0,0,1,1,Graduate,-0.0388064127119917
26,130.0,5,3,10.666666666666666,5,3,10.666666666666666,12,11,160.0,1,0,0,1,Dropout,-0.03878407946033602
38,120.0,12,9,12.22222222222222,12,9,13.0,12,12,120.0,0,0,0,0,Dropout,-0.03834906748724809
21,136.2,12,11,11.545454545454543,11,9,11.7,12,18,125.0,0,1,1,1,Enrolled,-0.03817485074011673
40,120.0,6,0,0.0,6,0,0.0,13,6,133.1,0,1,0,1,Dropout,-0.037691718372035665
22,119.5,15,15,11.2,14,14,12.428571428571429,17,15,130.0,0,0,1,0,Graduate,-0.03758290383556706
28,132.0,5,1,11.0,5,0,0.0,7,9,100.0,0,1,0,1,Dropout,-0.03753167876800967
39,130.0,13,13,13.76923076923077,12,12,14.583333333333334,14,16,130.0,0,0,1,0,Graduate,-0.03678714836664587
26,112.8,7,0,0.0,8,0,0.0,7,8,110.0,1,0,1,0,Enrolled,-0.036632892329504285
27,100.0,0,0,0.0,0,0,0.0,0,0,110.0,0,0,1,1,Dropout,-0.036554590930001685
20,170.0,11,11,15.692307692307692,9,9,15.555555555555555,13,9,170.0,0,0,1,0,Graduate,-0.03643771512433214
42,131.0,4,0,0.0,4,0,0.0,5,4,133.1,0,1,0,1,Dropout,-0.03643531809131695
18,135.1,7,0,0.0,8,0,0.0,0,0,148.0,0,1,1,0,Dropout,-0.036205793030803846
19,137.7,6,1,10.0,6,0,0.0,14,13,137.0,0,1,0,0,Dropout,-0.03609769291456055
29,140.0,9,7,11.555555555555555,7,5,13.2,16,12,140.0,0,1,0,0,Dropout,-0.03608563764011097
19,143.6,12,10,12.7,11,10,12.272727272727272,12,16,145.0,0,1,1,1,Enrolled,-0.036077755201904815
37,120.0,14,12,11.833333333333334,12,11,11.363636363636363,21,15,120.0,0,0,1,0,Graduate,-0.03579139982312496
19,160.1,12,12,14.5,11,11,13.583333333333334,12,15,145.0,1,0,1,0,Graduate,-0.03578405998388101
21,125.8,13,11,11.909090909090908,11,11,10.727272727272728,21,14,130.0,0,1,1,0,Graduate,-0.035537689939377226
18,165.7,0,0,0.0,0,0,0.0,0,0,159.0,0,0,1,1,Dropout,-0.03551344580243132
42,130.0,4,0,0.0,5,0,0.0,4,0,110.0,0,0,0,1,Dropout,-0.035012757956070284
41,128.2,14,11,12.25,10,10,13.4,24,12,110.0,0,0,1,0,Graduate,-0.03498167543706887
48,110.0,6,0,0.0,6,0,0.0,6,6,123.0,0,1,0,0,Dropout,-0.03471843446750389
39,155.5,5,5,10.6,5,5,14.666666666666666,6,7,133.1,0,1,0,1,Dropout,-0.0346003575566578
59,161.9,5,0,0.0,5,0,0.0,7,7,100.0,0,0,1,1,Dropout,-0.034386127316002324
23,143.3,12,9,13.666666666666666,9,6,13.5,19,15,140.0,0,0,0,0,Enrolled,-0.03405149043694966
19,142.8,5,5,12.8,5,4,12.0,5,5,147.0,1,1,0,0,Enrolled,-0.03387560214548602
29,101.0,5,3,10.666666666666666,5,2,14.8,8,14,150.0,0,1,0,0,Dropout,-0.03363019226320274
24,144.6,5,1,13.0,5,0,0.0,6,5,150.0,0,1,0,0,Dropout,-0.03359688228586166
31,120.0,6,1,11.0,6,0,0.0,15,10,110.0,0,1,0,1,Dropout,-0.0335550309461059
49,106.2,13,10,10.4,9,6,10.666666666666666,22,18,123.0,0,0,1,0,Graduate,-0.03346765635372784
32,130.0,6,3,13.0,10,6,11.428571428571429,8,14,133.1,0,1,0,1,Dropout,-0.033120270228434
24,130.9,6,0,0.0,6,0,0.0,12,9,148.0,0,1,0,1,Dropout,-0.032840171874532254
29,100.0,9,3,14.333333333333334,7,1,14.0,9,8,140.0,0,1,0,0,Dropout,-0.03248319911104247
39,110.0,13,12,13.416666666666666,10,10,14.5,19,10,110.0,0,0,1,0,Graduate,-0.03239472412024447
33,161.8,5,2,10.5,5,0,0.0,8,5,160.0,0,1,1,1,Dropout,-0.03235531047686768
19,131.6,12,11,12.0,12,12,12.307692307692308,17,21,148.0,0,0,1,1,Graduate,-0.03214915355343051
44,103.5,6,0,0.0,6,0,0.0,0,0,133.1,0,0,0,0,Dropout,-0.032025927553925415
38,127.0,0,0,0.0,0,0,0.0,0,0,116.0,0,0,1,1,Dropout,-0.03190319081023296
37,142.5,7,5,12.0,7,3,11.666666666666666,7,7,110.0,0,1,0,1,Dropout,-0.031403766363518826
19,117.8,5,2,11.5,5,0,0.0,11,10,130.0,1,1,1,0,Dropout,-0.03122657509814497
50,150.0,7,6,10.25,7,4,11.25,18,14,120.0,0,0,0,0,Dropout,-0.03117703530461835
41,128.2,6,0,0.0,6,0,0.0,6,12,113.0,0,0,0,0,Dropout,-0.031163488922307914
22,104.8,7,5,11.6,9,5,10.0,9,9,100.0,0,1,0,0,Dropout,-0.031046859610427968
47,148.3,11,11,14.727272727272728,9,9,15.77777777777778,11,9,120.0,0,0,1,1,Graduate,-0.030995386023912053
28,124.0,8,7,11.0,6,1,10.0,15,17,160.0,0,1,1,1,Enrolled,-0.030982890175843325
19,113.7,7,5,12.2,7,0,0.0,11,13,120.0,0,1,0,0,Dropout,-0.030893312725438382
19,167.3,0,0,0.0,0,0,0.0,0,0,155.0,0,0,1,1,Graduate,-0.030715494085035933
24,115.0,6,0,0.0,6,0,0.0,0,0,100.0,0,0,0,1,Dropout,-0.030651651770794874
24,155.0,17,11,12.909090909090908,13,9,13.555555555555555,19,15,145.0,0,0,1,0,Enrolled,-0.030441477431496722
21,126.6,10,8,11.5,6,4,10.0,18,12,143.0,0,1,0,0,Enrolled,-0.0298285469199977
26,125.3,15,11,10.818181818181818,14,11,11.636363636363637,15,15,133.1,0,0,1,1,Dropout,-0.029799778161061496
34,100.0,12,11,13.0,13,8,11.875,18,22,133.1,0,0,1,0,Dropout,-0.029661637551355757
20,133.0,14,12,12.153846153846152,12,10,12.9,22,18,141.0,0,0,1,0,Dropout,-0.02962697260599323
19,100.0,6,5,12.5,6,2,13.5,10,19,133.1,0,1,0,1,Dropout,-0.029117574230163923
41,107.5,2,0,0.0,6,0,0.0,2,0,100.0,0,0,1,0,Dropout,-0.029090897367816226
34,158.0,6,4,13.5,6,0,0.0,7,6,130.0,0,1,0,0,Dropout,-0.028991457105360885
36,149.0,6,2,11.5,7,0,0.0,15,9,120.0,0,0,0,1,Dropout,-0.028959910253826826
35,100.1,10,7,12.142857142857142,9,4,12.25,10,9,160.0,0,0,0,1,Dropout,-0.028930004594540648
41,137.7,3,3,12.333333333333334,2,2,11.0,3,2,120.0,0,0,0,1,Dropout,-0.02890018081281176
30,113.7,15,13,11.461538461538462,11,10,11.583333333333334,15,15,150.0,0,0,1,1,Graduate,-0.028834919963479977
26,100.8,0,0,0.0,0,0,0.0,0,0,140.0,0,0,1,0,Dropout,-0.028732828675960387
18,153.0,6,1,11.0,6,0,0.0,6,0,167.0,1,0,1,1,Dropout,-0.0285034969815241
37,130.0,0,0,0.0,0,0,0.0,0,0,120.0,0,0,1,1,Dropout,-0.028476528174635862
19,152.0,5,0,0.0,6,0,0.0,5,0,160.0,0,0,0,0,Dropout,-0.028432779874028702
19,162.5,0,0,0.0,0,0,0.0,0,0,159.0,0,0,1,1,Dropout,-0.028355361401183554
18,154.4,6,5,12.0,6,0,0.0,8,0,154.4,0,0,0,0,Dropout,-0.028218680541773455
36,140.0,14,13,13.071428571428571,11,11,13.0,21,16,140.0,0,0,1,0,Graduate,-0.028097564677701525
25,145.7,16,15,13.333333333333334,13,11,12.272727272727272,16,13,145.7,0,0,1,0,Graduate,-0.027675478128239117
18,120.0,16,13,13.846153846153848,11,9,12.555555555555555,24,15,120.0,0,0,1,0,Dropout,-0.027245477403684548
28,118.1,15,13,12.0,13,9,11.333333333333334,17,13,120.0,0,0,1,1,Dropout,-0.027105386053563718
44,156.4,6,5,11.571428571428571,6,0,0.0,9,11,133.1,0,1,1,1,Dropout,-0.026972093479410986
51,100.0,4,0,0.0,5,0,0.0,4,0,100.0,0,0,1,1,Dropout,-0.026834975555299123
21,125.0,14,9,12.0,12,8,11.25,23,21,125.0,0,0,1,0,Graduate,-0.026402240186205295
41,130.0,6,0,0.0,6,0,0.0,0,0,130.0,0,1,1,0,Dropout,-0.026088841331866397
22,112.3,16,13,10.923076923076923,13,11,11.454545454545457,16,13,121.0,0,0,1,0,Graduate,-0.025933323800148345
38,120.0,6,0,0.0,6,0,0.0,8,10,133.1,0,1,0,1,Dropout,-0.025885188596975195
28,120.0,7,0,0.0,7,0,0.0,7,7,120.0,0,1,0,0,Dropout,-0.025824106092877996
18,120.4,5,0,0.0,5,0,0.0,12,8,127.0,0,1,0,1,Enrolled,-0.02576500257440073
28,98.6,5,0,0.0,5,0,0.0,10,7,120.0,0,1,0,1,Dropout,-0.02576028208058867
18,132.4,6,0,0.0,6,0,0.0,6,0,131.0,0,1,0,1,Dropout,-0.025696590092347926
20,166.0,5,0,0.0,5,0,0.0,7,5,140.0,0,1,1,1,Enrolled,-0.02549801383641015
18,143.4,5,5,14.2,5,5,14.2,5,5,150.0,1,0,0,1,Enrolled,-0.02534840539653238
34,101.5,6,0,0.0,6,0,0.0,6,6,133.1,0,1,0,1,Dropout,-0.025268261825481253
22,121.7,6,0,0.0,2,0,0.0,0,2,122.0,0,0,0,0,Dropout,-0.025183606320565932
19,123.7,5,4,11.0,5,0,0.0,5,5,138.0,1,1,1,0,Dropout,-0.025131909799360974
44,100.0,10,4,11.5,7,1,12.0,10,8,133.1,0,0,0,1,Dropout,-0.025111130107694613
26,110.3,5,0,0.0,5,0,0.0,5,9,110.0,0,1,0,1,Dropout,-0.025026919298047456
19,120.8,14,7,12.192307692307692,14,7,12.192307692307692,22,22,136.0,0,0,1,0,Graduate,-0.024913376020238687
20,111.4,7,0,0.0,6,0,0.0,9,6,118.0,0,1,0,0,Dropout,-0.02488282595789848
20,100.0,4,0,0.0,5,0,0.0,4,5,133.1,0,1,0,0,Dropout,-0.02468141554803238
20,106.5,6,0,0.0,6,0,0.0,6,9,110.0,0,1,0,0,Dropout,-0.024431976382750964
20,106.1,6,0,0.0,6,0,0.0,0,0,112.0,0,0,0,0,Dropout,-0.024400138655483183
28,115.8,9,4,10.0,6,1,10.0,14,6,120.0,0,1,0,1,Dropout,-0.02434491487303836
40,153.0,5,0,0.0,5,0,0.0,10,5,133.1,0,0,0,0,Dropout,-0.02431669886044352
43,140.0,6,0,0.0,5,0,0.0,6,5,133.1,1,0,1,0,Dropout,-0.024265484050358332
43,140.0,7,0,0.0,8,2,13.15,7,13,110.0,0,0,1,1,Dropout,-0.024089614153824934
19,122.0,7,0,0.0,8,0,0.0,0,0,125.0,0,1,1,0,Dropout,-0.024057814228342966
20,120.0,6,0,0.0,6,0,0.0,11,12,120.0,0,1,0,1,Dropout,-0.023610607887942447
18,156.0,0,0,0.0,0,0,0.0,0,0,149.0,0,0,1,0,Graduate,-0.023362684458374416
18,125.6,6,1,14.0,6,0,0.0,7,6,127.0,1,1,1,0,Dropout,-0.02328272747621296
46,117.8,7,3,12.333333333333334,7,3,11.083333333333334,14,12,133.1,0,1,0,0,Dropout,-0.023257539379390568
38,112.1,5,0,0.0,5,0,0.0,5,5,133.1,0,1,0,1,Dropout,-0.023193207212747313
26,100.0,7,6,13.0,6,2,14.0,7,6,133.1,0,1,0,1,Dropout,-0.02310676934275635
29,135.5,5,2,13.25,5,3,12.6,15,12,140.0,0,1,0,0,Dropout,-0.023017565263790507
27,140.0,13,8,13.5,11,5,14.4,13,12,140.0,0,1,1,1,Dropout,-0.022997405644951452
27,102.5,6,1,10.0,6,0,0.0,16,13,133.1,1,0,1,0,Dropout,-0.02293194304271018
23,128.3,9,7,13.571428571428571,9,4,13.25,12,14,130.0,0,1,0,0,Dropout,-0.022775359331677847
18,153.6,0,0,0.0,0,0,0.0,0,0,156.0,0,0,1,0,Graduate,-0.022500502455872096
19,111.5,7,4,11.96,7,0,0.0,10,7,115.0,0,1,0,0,Dropout,-0.02244829237618151
41,120.0,5,0,0.0,5,0,0.0,5,5,133.1,0,1,0,1,Dropout,-0.02225557044408155
21,170.0,6,6,15.285714285714286,6,6,15.166666666666666,7,6,170.0,0,1,1,1,Graduate,-0.02211408978852558
30,101.6,5,0,0.0,5,0,0.0,11,5,133.1,1,0,1,1,Dropout,-0.021781683388960138
19,115.8,6,0,0.0,6,0,0.0,6,0,127.0,0,1,0,0,Dropout,-0.021592190891564278
20,137.9,6,6,12.5,6,5,11.8,6,7,161.0,1,1,0,0,Graduate,-0.021513809369791526
32,137.2,5,0,0.0,5,0,0.0,5,6,133.1,0,1,0,0,Dropout,-0.021410384094038393
18,155.1,0,0,0.0,0,0,0.0,0,0,146.0,0,0,1,0,Graduate,-0.02137008638743687
23,128.2,16,16,14.625,10,9,14.88888888888889,17,12,133.1,0,0,1,0,Graduate,-0.02136294108487269
20,149.8,12,11,14.272727272727272,12,11,14.818181818181818,12,12,147.0,0,0,1,1,Graduate,-0.021193139235076153
23,120.0,7,0,0.0,8,0,0.0,0,0,120.0,0,0,0,1,Dropout,-0.021039896722862217
25,150.0,0,0,0.0,0,0,0.0,0,0,150.0,0,0,1,1,Graduate,-0.02093272290097048
18,157.0,6,0,0.0,6,0,0.0,0,0,130.0,0,0,0,0,Dropout,-0.020922918046942907
34,105.0,6,3,11.333333333333334,6,2,11.5,13,8,110.0,0,1,0,1,Dropout,-0.02089210241955397
24,156.0,6,5,11.833333333333334,6,4,11.5,11,11,156.0,0,1,0,1,Dropout,-0.020857175199032518
31,120.0,4,0,0.0,5,0,0.0,4,5,140.0,0,1,0,1,Dropout,-0.020742943595677188
35,106.3,5,2,11.5,5,2,10.5,7,8,140.0,0,1,0,1,Dropout,-0.020568546514999286
28,129.3,6,0,0.0,6,0,0.0,17,6,140.0,0,1,1,0,Enrolled,-0.02051840513824965
29,141.0,15,11,11.454545454545457,13,11,11.545454545454543,15,16,120.0,0,0,1,0,Dropout,-0.02037330901202017
20,111.9,6,2,10.5,6,0,0.0,14,16,121.0,0,0,0,1,Dropout,-0.020324885252912317
40,110.0,6,5,12.8,6,3,13.333333333333334,12,16,133.1,0,1,0,0,Dropout,-0.02031414459469094
23,150.0,12,12,14.384615384615383,10,10,13.3,14,12,150.0,1,0,1,0,Graduate,-0.020296083856296776
20,148.7,4,0,0.0,4,0,0.0,4,8,149.0,0,0,0,1,Dropout,-0.020268498243604105
19,132.5,7,0,0.0,8,0,0.0,0,0,141.0,0,0,0,0,Dropout,-0.020164435488733257
39,120.0,5,5,10.6,5,4,10.75,6,7,100.0,1,1,1,0,Graduate,-0.02006374124585253
31,148.0,6,0,0.0,6,0,0.0,14,6,140.0,0,0,0,1,Dropout,-0.020029727874032677
41,114.3,7,0,0.0,8,0,0.0,0,0,110.0,0,0,1,0,Dropout,-0.019994531570347363
32,130.0,14,13,12.846153846153848,11,10,12.8,18,19,130.0,0,0,1,0,Graduate,-0.019978800898907245
22,126.7,1,0,0.0,6,0,0.0,1,0,127.0,0,0,0,1,Dropout,-0.019941975216488883
26,107.4,6,3,12.0,6,0,0.0,12,15,114.0,0,0,0,1,Dropout,-0.019176282221215812
39,120.0,7,3,11.5,7,2,10.5,14,9,133.1,1,0,0,0,Dropout,-0.019119692160006196
24,160.0,10,3,11.666666666666666,10,6,11.833333333333334,16,24,160.0,0,0,1,0,Dropout,-0.01878633882018832
24,104.0,6,6,13.5,6,6,13.0,6,6,133.1,1,1,0,0,Graduate,-0.01870311114638723
18,155.3,0,0,0.0,0,0,0.0,0,0,143.0,0,0,1,0,Graduate,-0.018699024540887454
40,117.9,5,0,0.0,5,0,0.0,5,6,100.0,0,0,0,1,Dropout,-0.018586325061568543
19,151.3,12,12,12.75,11,11,13.25,12,16,146.0,1,0,1,0,Graduate,-0.01853903971724169
27,170.0,5,0,0.0,6,0,0.0,5,0,170.0,0,0,1,0,Dropout,-0.01824503441684755
32,140.0,6,0,0.0,6,0,0.0,7,6,133.1,0,1,0,0,Dropout,-0.01818474504639822
20,115.0,7,1,13.0,7,0,0.0,14,15,119.0,1,0,1,1,Dropout,-0.018112968607701396
53,110.0,5,0,0.0,4,0,0.0,5,5,133.1,0,0,0,0,Dropout,-0.017908946520933
30,125.3,6,0,0.0,6,0,0.0,0,0,133.1,1,0,1,1,Dropout,-0.017679409769040033
20,131.8,12,12,13.25,11,10,13.090909090909092,12,16,133.1,0,1,1,0,Graduate,-0.01752283864816917
18,144.2,0,0,0.0,0,0,0.0,0,0,161.0,0,0,1,1,Graduate,-0.017522372495456073
32,128.0,7,0,0.0,8,0,0.0,0,0,133.1,0,0,0,1,Dropout,-0.017414864258235907
22,118.8,10,6,11.833333333333334,7,2,13.0,16,8,124.0,0,1,0,0,Dropout,-0.01717034950440277
34,138.0,15,12,11.916666666666666,13,11,13.181818181818182,17,13,130.0,0,0,1,0,Graduate,-0.01711610478135739
21,154.8,0,0,0.0,0,0,0.0,0,0,150.0,0,0,1,1,Graduate,-0.017081409699267636
21,147.7,12,12,15.333333333333334,11,11,15.0,12,15,156.0,0,0,1,0,Graduate,-0.017035940813217243
29,96.7,5,0,0.0,5,0,0.0,6,7,133.1,1,0,1,1,Dropout,-0.017008705438624427
21,124.1,8,0,0.0,8,0,0.0,8,8,136.0,1,0,1,1,Enrolled,-0.016945908458383174
18,143.1,0,0,0.0,0,0,0.0,0,0,163.0,0,0,1,1,Graduate,-0.016828574561677745
24,111.3,13,10,11.5,13,9,10.444444444444445,17,18,120.0,0,0,1,0,Dropout,-0.016794851636470653
24,100.0,5,0,0.0,5,0,0.0,11,5,120.0,0,1,1,1,Dropout,-0.016708645392719434
18,171.2,5,5,17.333333333333332,5,5,18.571428571428573,6,8,168.0,1,0,1,1,Graduate,-0.016668340042721885
19,128.2,12,12,13.333333333333334,11,10,12.818181818181818,12,15,133.1,1,0,1,1,Enrolled,-0.016626305436341915
30,110.0,6,0,0.0,6,1,10.0,7,16,133.1,1,0,1,0,Dropout,-0.016535461351802838
31,121.5,15,13,11.615384615384617,14,11,12.545454545454543,17,14,133.1,0,0,1,0,Dropout,-0.01651948319344343
18,147.5,0,0,0.0,0,0,0.0,0,0,151.0,0,0,1,0,Graduate,-0.01647555320573557
34,140.0,0,0,0.0,0,0,0.0,0,0,140.0,0,0,1,0,Dropout,-0.016441470342993814
23,109.8,3,0,0.0,2,0,0.0,3,2,130.0,0,0,0,1,Dropout,-0.016401766592461287
24,128.2,10,7,10.714285714285714,10,9,12.555555555555555,15,11,120.0,0,1,1,1,Enrolled,-0.016362462529373123
20,130.0,12,11,12.545454545454543,10,8,11.625,16,12,130.0,0,1,1,1,Enrolled,-0.016351824791766556
30,137.0,5,0,0.0,5,0,0.0,5,5,110.0,0,1,1,1,Dropout,-0.015716261225037553
21,117.0,0,0,0.0,0,0,0.0,0,0,110.0,0,0,1,1,Graduate,-0.015366578589828483
35,107.5,6,0,0.0,6,0,0.0,0,0,133.1,0,0,0,0,Dropout,-0.0152098739296459
37,127.0,4,0,0.0,5,0,0.0,4,10,138.0,0,0,0,0,Dropout,-0.0150832653693872
22,117.5,5,2,11.5,5,0,0.0,12,12,122.0,0,1,0,0,Dropout,-0.0149704605397043
19,114.2,0,0,0.0,0,0,0.0,0,0,110.0,0,0,1,1,Dropout,-0.014858658789764445
24,130.0,9,8,13.125,9,6,13.0,9,13,130.0,0,1,0,0,Enrolled,-0.01484069228102003
25,135.0,5,0,0.0,6,2,14.0,5,7,130.0,0,1,1,1,Dropout,-0.014738103830271077
26,151.0,5,0,0.0,5,0,0.0,6,5,151.0,0,1,1,0,Dropout,-0.014665188012455643
18,150.2,0,0,0.0,0,0,0.0,0,0,146.0,0,0,1,0,Graduate,-0.01463565450542692
21,113.3,6,0,0.0,6,0,0.0,0,0,115.0,0,1,1,0,Dropout,-0.014466630678734993
40,100.0,2,1,16.0,4,4,15.5,4,5,110.0,0,0,1,1,Graduate,-0.014174989898679491
32,128.0,7,0,0.0,8,0,0.0,7,8,140.0,0,0,0,0,Dropout,-0.0139430295825137
21,142.8,0,0,0.0,0,0,0.0,0,0,162.0,0,0,1,1,Dropout,-0.013892067339089764
18,147.7,5,0,0.0,5,0,0.0,5,5,148.0,1,0,1,1,Dropout,-0.013884672545535826
29,122.5,13,8,10.5,12,9,10.333333333333334,16,19,120.0,0,0,1,0,Enrolled,-0.013809765610049096
51,116.0,6,4,11.25,6,0,0.0,13,12,133.1,0,0,0,0,Dropout,-0.01371523004725328
33,139.0,6,0,0.0,5,0,0.0,8,6,133.1,0,1,0,1,Dropout,-0.013638849081222149
18,155.7,6,6,15.666666666666666,6,6,13.833333333333334,6,6,177.0,1,1,1,0,Graduate,-0.013472623724734678
35,120.0,6,0,0.0,6,0,0.0,0,0,120.0,0,0,0,0,Dropout,-0.013432211502208302
24,114.5,0,0,0.0,0,0,0.0,0,0,145.0,0,0,1,1,Graduate,-0.01324101636592323
28,138.1,6,0,0.0,6,0,0.0,6,7,135.0,0,1,0,0,Dropout,-0.013237011972640378
18,129.8,5,5,15.0,5,5,14.2,6,6,148.0,1,0,0,1,Enrolled,-0.013232966872996799
46,128.2,10,9,12.2,10,10,12.8,13,12,100.0,0,0,1,1,Graduate,-0.013149964109117951
22,132.7,13,13,14.0,12,12,13.0,13,13,134.0,0,0,1,1,Graduate,-0.013024087579344479
19,151.6,0,0,0.0,0,0,0.0,0,0,147.0,0,0,1,0,Graduate,-0.012964165579826714
18,169.7,7,7,16.9,8,8,16.37777777777778,7,9,176.0,1,0,1,0,Graduate,-0.012811955171900036
29,107.5,6,0,0.0,5,0,0.0,6,5,133.1,0,1,0,1,Dropout,-0.012586530665940288
18,119.5,6,0,0.0,6,0,0.0,0,0,116.0,0,0,0,0,Dropout,-0.012584785716004632
18,161.0,7,7,16.142857142857142,8,0,0.0,7,9,168.0,0,0,1,1,Dropout,-0.012439753875702286
45,170.0,5,5,14.833333333333334,5,5,14.8,6,5,100.0,0,0,1,1,Graduate,-0.012423650049839141
28,150.2,6,4,12.75,5,0,0.0,9,5,150.0,0,0,0,0,Dropout,-0.012364878845905425
23,140.0,3,2,10.0,6,0,0.0,3,0,140.0,0,0,0,0,Dropout,-0.012330586077631378
19,147.5,12,12,13.666666666666666,11,11,14.166666666666666,12,12,138.0,1,0,1,0,Graduate,-0.012243731128609103
21,119.7,0,0,0.0,0,0,0.0,0,0,120.0,0,0,1,0,Dropout,-0.011985222848655663
19,150.3,0,0,0.0,0,0,0.0,0,0,145.0,0,0,1,0,Dropout,-0.011977071479428947
19,123.0,7,0,0.0,8,0,0.0,0,0,135.0,0,0,0,0,Dropout,-0.011837889828144488
19,117.0,6,0,0.0,6,0,0.0,0,0,117.0,0,1,1,0,Dropout,-0.011734145066823465
21,111.1,0,0,0.0,0,0,0.0,0,0,116.0,0,0,1,1,Dropout,-0.011672893037697252
19,170.0,5,0,0.0,5,4,14.75,5,7,170.0,0,0,1,0,Enrolled,-0.011614630769474776
24,102.5,6,0,0.0,6,0,0.0,7,7,133.1,0,1,0,1,Dropout,-0.011502341085450674
24,116.1,5,0,0.0,5,0,0.0,8,5,122.0,0,1,0,1,Dropout,-0.011363989353046833
49,95.1,5,0,0.0,5,0,0.0,5,6,133.1,0,0,0,1,Dropout,-0.011345169052508042
27,107.8,6,0,0.0,6,0,0.0,10,8,160.0,0,0,0,1,Dropout,-0.011259843420944327
18,143.6,5,0,0.0,5,0,0.0,9,5,139.0,0,1,1,1,Enrolled,-0.011248161246950605
29,156.1,6,0,0.0,6,0,0.0,6,8,149.0,0,0,0,1,Dropout,-0.011197712343702482
29,96.0,5,3,12.333333333333334,5,0,0.0,7,8,160.0,0,0,0,0,Dropout,-0.011185136209110325
20,130.0,6,4,11.8,6,2,12.0,16,15,130.0,0,1,0,1,Dropout,-0.011116973347433112
32,141.0,10,10,13.8,10,10,12.8,12,10,120.0,1,0,1,1,Graduate,-0.01110168387157584
44,121.0,8,4,12.0,7,4,12.0,12,9,133.1,0,1,0,0,Dropout,-0.01104527807632405
35,140.0,10,6,12.666666666666666,9,3,12.0,18,11,133.1,0,1,1,1,Dropout,-0.010997557203049735
40,110.0,7,7,15.0,7,7,14.571428571428571,8,7,110.0,0,1,1,0,Graduate,-0.010892769046726092
20,149.9,0,0,0.0,0,0,0.0,0,0,138.0,0,0,1,0,Graduate,-0.010872965843204518
39,100.5,3,1,14.0,2,0,0.0,7,4,133.1,0,0,1,0,Dropout,-0.010796430094792475
31,134.4,5,2,13.333333333333334,5,2,16.0,9,9,133.1,0,1,0,1,Dropout,-0.010714487324044564
20,115.7,0,0,0.0,0,0,0.0,0,0,122.0,0,0,1,0,Dropout,-0.010692519485724583
25,150.0,14,14,12.428571428571429,9,6,10.857142857142858,16,13,150.0,0,0,1,1,Dropout,-0.010664187618670273
18,115.2,0,0,0.0,0,0,0.0,0,0,125.0,0,0,1,0,Enrolled,-0.010585566858072215
18,116.5,6,0,0.0,6,0,0.0,12,0,121.0,0,0,0,1,Dropout,-0.010562817681140757
36,111.9,5,0,0.0,5,0,0.0,5,5,130.0,0,1,1,0,Dropout,-0.010496412867160743
18,145.3,0,0,0.0,0,0,0.0,0,0,147.0,0,0,1,0,Enrolled,-0.010451223063176696
20,148.9,0,0,0.0,0,0,0.0,0,0,131.0,0,0,1,0,Graduate,-0.010395797557374076
20,143.9,0,0,0.0,0,0,0.0,0,0,125.0,0,0,1,0,Enrolled,-0.010216093880835442
19,109.3,0,0,0.0,0,0,0.0,0,0,117.0,0,0,1,1,Graduate,-0.01010152400934805
20,152.5,0,0,0.0,0,0,0.0,0,0,136.0,0,0,1,0,Enrolled,-0.00978799284648535
23,130.0,0,0,0.0,0,0,0.0,0,0,145.0,0,0,1,0,Dropout,-0.00959056974324779
20,125.8,8,0,0.0,8,0,0.0,8,8,128.0,1,0,1,0,Enrolled,-0.009548427297967566
18,150.6,0,0,0.0,0,0,0.0,0,0,145.0,0,0,1,1,Graduate,-0.009538031194646246
21,131.0,6,1,14.0,6,0,0.0,6,7,117.0,0,1,0,1,Dropout,-0.009528982183834578
34,140.0,6,6,16.142857142857142,6,6,16.2,7,10,130.0,1,1,1,0,Graduate,-0.009361944162185831
21,140.0,12,8,12.25,12,8,12.2,18,27,140.0,0,0,1,0,Enrolled,-0.00936150162358429
31,121.7,5,0,0.0,5,0,0.0,7,7,133.1,0,1,0,0,Dropout,-0.009203283022083397
18,139.7,0,0,0.0,0,0,0.0,0,0,160.0,0,0,1,1,Dropout,-0.009165487951325879
24,140.0,5,0,0.0,5,0,0.0,5,5,133.1,0,1,0,1,Dropout,-0.00915880626454757
24,105.0,6,6,11.285714285714286,6,3,10.333333333333334,14,16,133.1,0,1,0,0,Dropout,-0.009097633842458097
40,100.0,5,1,11.0,5,1,10.0,10,10,133.1,0,1,1,1,Enrolled,-0.009090095170618873
49,150.0,5,2,11.0,5,1,11.0,8,5,133.1,0,0,0,1,Dropout,-0.009085845992641173
21,100.0,5,0,0.0,6,0,0.0,5,8,133.1,0,1,1,1,Dropout,-0.009051767367628472
22,128.2,12,7,11.0,5,5,10.6,12,5,110.0,0,0,0,0,Dropout,-0.009024557606717165
19,113.9,0,0,0.0,0,0,0.0,0,0,124.0,0,0,1,0,Dropout,-0.00900656409113565
25,100.0,7,2,10.0,7,0,0.0,7,7,130.0,1,0,1,1,Dropout,-0.008968277566683502
29,120.0,5,0,0.0,5,0,0.0,11,6,133.1,0,1,0,1,Dropout,-0.00895282473227843
24,140.0,6,0,0.0,5,0,0.0,12,10,140.0,0,0,0,0,Dropout,-0.00880308253333173
18,123.3,8,0,0.0,8,0,0.0,8,8,136.0,0,0,0,0,Dropout,-0.008727767307116663
50,114.8,5,5,11.857142857142858,5,5,11.5,10,17,133.1,0,1,1,1,Graduate,-0.008660196625422723
20,109.0,6,0,0.0,6,0,0.0,6,0,109.0,0,0,0,0,Dropout,-0.008623880822003827
18,183.5,7,4,12.0,8,0,0.0,8,8,180.0,0,0,1,0,Dropout,-0.00861958737478885
42,107.5,6,6,13.333333333333334,6,6,15.285714285714286,8,7,126.6,1,1,1,0,Graduate,-0.008591833112288949
26,116.9,5,0,0.0,5,0,0.0,5,6,120.0,0,1,0,0,Dropout,-0.008543773521029085
32,110.0,8,2,11.5,7,0,0.0,12,9,133.1,0,0,0,1,Dropout,-0.008497329041619484
21,117.1,6,0,0.0,6,0,0.0,12,12,133.1,1,0,1,0,Dropout,-0.008461420654064633
19,110.0,0,0,0.0,0,0,0.0,0,0,118.0,0,0,1,1,Dropout,-0.008184564557911167
27,104.0,6,5,12.0,6,0,0.0,6,6,133.1,0,1,0,0,Dropout,-0.008168421336287257
20,116.0,5,0,0.0,5,0,0.0,5,5,123.0,0,1,0,1,Dropout,-0.008162786857160098
26,118.1,5,1,10.0,5,1,11.0,11,14,130.0,0,1,0,1,Dropout,-0.008154746399037238
20,100.0,2,2,12.0,6,6,12.833333333333334,2,11,100.0,1,0,1,0,Graduate,-0.007798166713801069
43,125.7,6,4,12.25,6,4,10.5,10,13,120.0,0,1,0,0,Dropout,-0.007680929431507666
23,131.3,14,12,12.625,14,12,12.625,15,15,136.0,0,0,1,0,Graduate,-0.007448424470688719
21,140.0,6,2,12.5,6,0,0.0,17,10,140.0,0,0,0,1,Dropout,-0.00739118191274879
36,160.0,7,1,12.0,7,0,0.0,16,13,160.0,0,0,1,1,Dropout,-0.007196274664640012
24,100.5,7,0,0.0,7,0,0.0,18,13,133.1,0,0,1,1,Dropout,-0.007182531998723207
29,122.0,6,4,12.5,6,0,0.0,11,7,140.0,0,1,0,1,Dropout,-0.007126962319828012
53,156.5,11,2,15.0,9,3,10.0,12,10,133.1,0,0,1,1,Graduate,-0.007041757503975621
21,111.6,5,5,12.6,5,3,12.833333333333334,5,9,120.0,1,1,1,1,Enrolled,-0.0070025416074848135
35,113.0,6,1,13.0,6,0,0.0,17,8,130.0,0,0,0,1,Dropout,-0.006914008064599186
27,125.1,6,0,0.0,5,0,0.0,8,6,130.0,0,1,0,0,Dropout,-0.006873328098898401
19,144.2,0,0,0.0,0,0,0.0,0,0,155.0,0,0,1,1,Graduate,-0.006739788927980772
30,160.0,6,6,16.428571428571427,6,6,16.666666666666668,7,7,110.0,0,1,1,0,Dropout,-0.0067347055436532965
25,150.0,6,6,14.428571428571429,6,6,13.666666666666666,7,7,150.0,0,1,0,0,Graduate,-0.006731027862731054
50,112.5,13,6,11.333333333333334,11,2,13.5,13,11,133.1,0,0,1,1,Dropout,-0.00672365493087046
19,151.1,0,0,0.0,0,0,0.0,0,0,149.0,0,0,1,1,Graduate,-0.006692367535410804
23,101.0,5,0,0.0,5,0,0.0,0,0,133.1,0,0,0,1,Dropout,-0.006676724620160002
31,125.0,8,5,12.166666666666666,7,5,12.0,19,12,110.0,0,0,0,1,Dropout,-0.00661777316416734
20,137.2,6,0,0.0,6,0,0.0,6,12,133.0,1,0,1,1,Dropout,-0.006546898749564711
37,100.0,5,0,0.0,5,0,0.0,9,5,133.1,0,0,0,0,Dropout,-0.006186718595231233
42,136.1,5,1,10.0,5,1,11.0,14,14,133.1,1,0,1,1,Dropout,-0.006168601383320649
20,110.0,0,0,0.0,0,0,0.0,0,0,133.1,0,0,1,0,Graduate,-0.006153006773040648
37,140.0,5,0,0.0,5,0,0.0,5,5,140.0,0,0,0,0,Dropout,-0.006136909120744272
22,119.8,0,0,0.0,0,0,0.0,0,0,131.0,0,0,1,0,Graduate,-0.006135651987370538
19,114.8,6,0,0.0,6,0,0.0,0,0,120.0,0,0,0,1,Dropout,-0.006062531716447217
28,105.3,5,2,10.5,5,0,0.0,14,6,133.1,0,1,1,0,Dropout,-0.006057312753547928
25,138.3,6,0,0.0,6,0,0.0,6,6,133.1,0,1,0,1,Enrolled,-0.005853492512143066
18,100.0,2,0,0.0,4,1,16.0,2,4,147.0,0,0,1,0,Enrolled,-0.005803388885994187
26,108.3,9,4,11.25,10,3,11.0,9,12,110.0,0,0,0,0,Dropout,-0.005755488511730467
18,174.7,7,7,17.125,8,8,17.5875,8,8,178.0,0,0,1,0,Graduate,-0.0055678521899481526
34,100.0,6,0,0.0,6,0,0.0,0,0,100.0,0,0,1,0,Dropout,-0.005507129300156732
25,100.0,5,5,11.2,5,4,11.25,5,5,133.1,0,1,0,0,Dropout,-0.005035346351099368
38,96.0,5,0,0.0,5,0,0.0,5,5,120.0,0,0,0,1,Dropout,-0.004985401884077589
18,149.9,0,0,0.0,0,0,0.0,0,0,131.0,0,0,1,1,Graduate,-0.004741944801719855
35,155.7,1,0,0.0,5,0,0.0,1,0,140.0,0,0,1,1,Dropout,-0.004560961994774293
25,100.0,5,5,11.2,5,5,12.6,5,5,133.1,0,1,0,0,Dropout,-0.0044782449743294706
20,134.6,0,0,0.0,0,0,0.0,0,0,150.0,0,0,1,0,Dropout,-0.00428478027653012
22,120.7,6,5,11.0,6,0,0.0,10,12,127.0,0,1,0,0,Dropout,-0.004271099975220127
18,142.7,0,0,0.0,0,0,0.0,0,0,143.0,0,0,1,0,Dropout,-0.004240241617488372
20,121.5,6,0,0.0,6,0,0.0,12,12,133.0,1,0,1,0,Dropout,-0.004105380811555759
22,120.0,6,0,0.0,4,0,0.0,0,6,120.0,0,0,0,1,Dropout,-0.004102314816011088
23,130.0,5,0,0.0,5,0,0.0,5,5,130.0,0,1,0,1,Dropout,-0.004078198603842953
28,123.0,6,6,10.833333333333334,6,5,11.0,6,7,133.1,1,1,0,0,Dropout,-0.0039893530148732426
26,172.0,6,0,0.0,6,0,0.0,0,0,160.0,0,0,1,0,Dropout,-0.003961697443612522
18,143.6,0,0,0.0,0,0,0.0,0,0,145.0,0,0,1,1,Graduate,-0.0039283949044821576
32,120.0,6,2,12.0,6,0,0.0,15,7,133.1,0,1,1,1,Dropout,-0.0037985250313494756
31,120.0,5,4,13.5,5,3,11.666666666666666,13,12,133.1,0,1,0,1,Dropout,-0.0037775727459882225
23,110.0,15,13,10.923076923076923,10,7,11.142857142857142,15,10,110.0,0,0,1,0,Graduate,-0.003699563088079616
47,107.0,5,0,0.0,5,0,0.0,5,5,120.0,0,0,0,1,Dropout,-0.0036385100892166733
28,120.0,5,0,0.0,5,0,0.0,5,5,133.1,0,1,0,1,Dropout,-0.0033700503091723677
20,119.0,6,1,12.0,6,0,0.0,10,0,126.0,0,1,1,1,Dropout,-0.0033662627369074327
47,148.5,10,8,14.625,7,5,13.4,14,7,170.0,0,0,1,1,Dropout,-0.003363336122055971
24,160.0,8,6,12.415,8,6,12.415,15,15,100.0,1,0,1,0,Graduate,-0.003213033780539609
31,114.0,7,5,12.56,7,5,12.56,8,8,100.0,0,1,0,0,Dropout,-0.003174330096245237
30,128.2,6,0,0.0,6,0,0.0,0,0,140.0,0,0,0,0,Dropout,-0.0031640557333380004
32,101.8,5,0,0.0,5,0,0.0,5,10,120.0,0,0,0,0,Dropout,-0.0031546418434149626
18,152.8,5,4,12.75,5,0,0.0,7,5,150.0,1,0,1,1,Dropout,-0.0031052371989945815
24,170.0,7,7,16.885714285714283,8,8,15.744444444444444,7,9,170.0,0,0,1,0,Graduate,-0.003046905570188496
21,120.0,13,13,13.615384615384617,12,12,14.25,14,12,120.0,0,0,1,0,Graduate,-0.0029960911102047127
21,150.3,11,9,14.22222222222222,9,7,13.75,15,15,150.0,1,0,1,1,Graduate,-0.0029457441405617013
27,128.2,5,0,0.0,5,0,0.0,5,5,133.1,0,1,0,1,Dropout,-0.0028420272598363994
24,149.3,5,5,16.0,5,5,16.0,5,5,172.0,1,0,1,1,Graduate,-0.0027796892048950195
18,163.0,6,0,0.0,6,0,0.0,0,0,164.0,0,0,1,0,Dropout,-0.0027554607963626854
23,130.6,5,0,0.0,5,0,0.0,5,5,133.1,0,1,0,1,Dropout,-0.002732901617604755
26,120.0,5,0,0.0,5,0,0.0,5,5,133.1,0,1,0,1,Dropout,-0.002707297024078903
19,130.8,6,0,0.0,6,0,0.0,0,0,142.0,0,0,0,1,Dropout,-0.002706025805543799
18,113.2,6,3,10.666666666666666,6,0,0.0,9,12,123.0,0,1,0,0,Dropout,-0.002686578523760419
25,140.0,6,0,0.0,6,0,0.0,0,0,130.0,0,0,0,1,Dropout,-0.002638382718386123
22,150.0,5,0,0.0,5,0,0.0,5,5,150.0,0,0,0,1,Dropout,-0.0026269936722765896
26,135.6,0,0,0.0,0,0,0.0,0,0,130.0,0,0,1,1,Dropout,-0.002455792561964043
22,117.0,0,0,0.0,0,0,0.0,0,0,125.0,0,0,1,1,Enrolled,-0.0024523717295263925
29,141.4,5,4,11.25,5,4,11.8,7,8,121.0,0,1,0,1,Dropout,-0.0024406898849138603
21,143.4,0,0,0.0,0,0,0.0,0,0,140.0,0,0,1,0,Dropout,-0.002426763565909873
25,130.0,5,0,0.0,5,0,0.0,6,5,130.0,0,1,0,1,Dropout,-0.0023008403014892487
19,124.8,6,0,0.0,6,0,0.0,0,0,122.0,0,0,0,1,Dropout,-0.00222127905457703
20,124.6,9,3,13.333333333333334,6,2,12.5,9,6,140.0,0,1,0,1,Dropout,-0.002146086477654019
27,119.4,6,0,0.0,6,0,0.0,6,7,133.1,0,1,0,0,Dropout,-0.0020315942386448516
19,141.0,0,0,0.0,0,0,0.0,0,0,133.1,0,0,1,0,Graduate,-0.00195592767453856
55,119.0,5,0,0.0,5,0,0.0,5,5,130.0,0,0,0,1,Dropout,-0.0019493924194101675
36,108.5,7,0,0.0,7,0,0.0,18,7,120.0,0,0,1,1,Dropout,-0.001889711489588608
28,146.2,14,11,11.272727272727272,11,10,12.0,16,16,130.0,0,0,1,0,Graduate,-0.0018073438328213287
27,128.0,5,0,0.0,5,0,0.0,5,7,130.0,0,1,0,1,Enrolled,-0.0017772840362302311
26,140.0,5,0,0.0,5,0,0.0,9,10,140.0,0,0,0,0,Dropout,-0.0017053850546518978
19,136.1,4,0,0.0,6,0,0.0,8,0,142.0,0,0,0,1,Dropout,-0.001693706392634331
20,114.3,6,0,0.0,6,0,0.0,0,0,122.0,0,0,0,0,Dropout,-0.0016782247916011794
40,145.4,5,3,10.666666666666666,5,2,12.5,11,5,120.0,0,1,1,1,Dropout,-0.001628228179219815
18,143.3,0,0,0.0,0,0,0.0,0,0,137.0,0,0,1,0,Enrolled,-0.0015607932106093125
23,135.0,11,8,12.375,9,5,12.6,18,15,140.0,0,1,1,0,Enrolled,-0.0015347627692414711
21,135.3,12,11,12.090909090909092,12,11,12.0,18,14,140.0,0,0,1,1,Graduate,-0.0014494096866038975
61,135.1,5,0,0.0,5,0,0.0,0,0,140.0,0,0,1,1,Dropout,-0.00127004205872705
27,113.8,5,0,0.0,5,0,0.0,0,0,120.0,0,0,0,1,Dropout,-0.001261533030832207
18,142.8,0,0,0.0,0,0,0.0,0,0,141.0,0,0,1,0,Graduate,-0.001252469590482308
24,140.0,6,4,12.5,6,2,11.5,11,18,140.0,0,1,0,0,Enrolled,-0.0011770969425423106
22,118.8,5,5,10.666666666666666,5,2,11.0,8,11,130.0,1,1,1,1,Enrolled,-0.0011110429254492793
41,130.0,5,0,0.0,5,0,0.0,9,9,130.0,0,0,0,1,Dropout,-0.0010668658681177723
24,128.2,11,9,12.0,10,9,12.555555555555555,29,21,133.1,0,0,1,0,Graduate,-0.0010620356146301413
19,109.3,6,5,12.0,6,4,12.5,7,9,117.0,1,1,0,0,Dropout,-0.0009509775369308526
41,130.0,10,10,14.636363636363637,10,10,14.6,14,13,130.0,0,0,1,0,Graduate,-0.0009484812699954714
23,129.4,5,0,0.0,5,0,0.0,6,7,130.0,0,1,0,1,Dropout,-0.0009064664798764666
36,105.3,6,0,0.0,6,0,0.0,8,10,130.0,0,0,0,1,Dropout,-0.0008914899479105509
20,148.6,0,0,0.0,0,0,0.0,0,0,130.0,0,0,1,1,Dropout,-0.0007506457019345047
22,146.5,6,5,11.5,6,5,12.4,10,8,150.0,0,1,0,1,Graduate,-0.0007253060843085413
21,124.0,12,12,13.333333333333334,12,11,12.545454545454543,12,12,130.0,1,0,1,0,Graduate,-0.000616201114408077
42,107.2,6,0,0.0,6,0,0.0,0,0,110.0,0,0,1,1,Dropout,-0.00043019858171999825
21,132.8,6,2,12.0,6,0,0.0,10,0,145.0,0,0,0,1,Dropout,-0.00040216257026937097
18,132.8,0,0,0.0,0,0,0.0,0,0,131.0,0,0,1,0,Enrolled,-0.00039972150764810976
18,133.0,0,0,0.0,0,0,0.0,0,0,133.0,0,0,1,0,Enrolled,-0.0003603767141451275
37,110.5,7,0,0.0,7,0,0.0,15,13,133.1,0,0,1,1,Dropout,-0.0003153919770776392
21,128.5,12,10,12.7,12,11,12.181818181818182,20,14,130.0,0,0,1,1,Graduate,-0.00019510023179380998
21,130.0,12,12,15.083333333333334,11,11,13.083333333333334,12,15,130.0,0,0,1,1,Enrolled,-0.00010594335815550249
25,101.0,6,0,0.0,6,0,0.0,6,6,133.1,0,1,1,0,Dropout,-2.8522452833135148e-05
